<?xml version="1.0" encoding="UTF-8"?>
<services xmlns="http://www.demandware.com/xml/impex/services/2014-09-26">

    <service-credential service-credential-id="int.shiprocket.credentials.get.tracking">
        <url>https://apiv2.shiprocket.in/v1/external/courier/track/awb/</url>
        <user-id/>
        <password masked="true">********</password>
    </service-credential>

  <service service-id="int.shiprocket.service.get.tracking">
        <service-type>HTTP</service-type>
        <enabled>true</enabled>
        <log-prefix>shipRocketTracking</log-prefix>
        <comm-log-enabled>true</comm-log-enabled>
        <force-prd-enabled>false</force-prd-enabled>
        <mock-mode-enabled>false</mock-mode-enabled>
        <profile-id>int.shiprocket.profile</profile-id>
        <credential-id>int.shiprocket.credentials.get.tracking</credential-id>
    </service>

</services>
