<?xml version="1.0" encoding="UTF-8"?>
<metadata xmlns="http://www.demandware.com/xml/impex/metadata/2006-10-31">
    <type-extension type-id="SitePreferences">
        <custom-attribute-definitions>
            <attribute-definition attribute-id="returnAllowed">
                <display-name xml:lang="x-default">Return Allowed</display-name>
                <type>boolean</type>
                <mandatory-flag>false</mandatory-flag>
                <externally-managed-flag>false</externally-managed-flag>
                <default-value>true</default-value>
            </attribute-definition>
            <attribute-definition attribute-id="returnAllowedDays">
                <display-name xml:lang="x-default">Return Allowed Days</display-name>
                <type>double</type>
                <mandatory-flag>false</mandatory-flag>
                <externally-managed-flag>false</externally-managed-flag>
                <default-value>7.0</default-value>
            </attribute-definition>
        </custom-attribute-definitions>
        <group-definitions>
           <attribute-group group-id="Returns">
                <display-name xml:lang="x-default">Returns</display-name>
                <attribute attribute-id="returnAllowedDays"/>
                <attribute attribute-id="returnAllowed"/>
            </attribute-group>
        </group-definitions>
    </type-extension>

        <type-extension type-id="Product">
        <custom-attribute-definitions>
          <attribute-definition attribute-id="isReturnAllowed">
                <display-name xml:lang="x-default">isReturnAllowed</display-name>
                <type>boolean</type>
                <site-specific-flag>false</site-specific-flag>
                <mandatory-flag>false</mandatory-flag>
                <visible-flag>false</visible-flag>
                <externally-managed-flag>false</externally-managed-flag>
                <order-required-flag>false</order-required-flag>
                <externally-defined-flag>false</externally-defined-flag>
            </attribute-definition>
         <attribute-definition attribute-id="returnAllowedDays">
                <display-name xml:lang="x-default">Return Allowed Days</display-name>
                <type>double</type>
                <localizable-flag>false</localizable-flag>
                <site-specific-flag>false</site-specific-flag>
                <mandatory-flag>false</mandatory-flag>
                <visible-flag>false</visible-flag>
                <externally-managed-flag>false</externally-managed-flag>
                <order-required-flag>false</order-required-flag>
                <externally-defined-flag>false</externally-defined-flag>
            </attribute-definition>
     </custom-attribute-definitions>
        <group-definitions>            
            <attribute-group group-id="FreeMaternity">
                <display-name xml:lang="x-default">Free Maternity</display-name>
                <attribute attribute-id="freeMaternityEnabled"/>
            </attribute-group>
            <attribute-group group-id="Return">
                <display-name xml:lang="x-default">Return</display-name>
                <attribute attribute-id="isReturnAllowed"/>
                <attribute attribute-id="returnAllowedDays"/>
            </attribute-group>
        </group-definitions>
    </type-extension>

 </metadata>